First Name,Last Name,Email,Position
François,Dupont,françois.dupont0@example.com,Responsable des ventes
Élise,García,elise.garcia1@demo.org,Ingénieur systèmes
André,Çelik,andre.celik2@test.local,Analyste sécurité
Renée,d'Artagnan,renee.dartagnan3@échantillon.fr,Chef de projet
Zoé,Dupont,zoe.dupont4@prueba.es,Technicien support
Chloé,García,chloe.garcia5@example.com,Responsable des ventes
Léa,Çelik,lea.celik6@demo.org,Ingénieur systèmes
Noémie,d'Artagnan,noémie.d'artagnan7@test.local,Analyste sécurité
Gaël,Dupont,gael.dupont8@échantillon.fr,Chef de projet
Maël,García,mael.garcia9@prueba.es,Technicien support
Jérôme,Çelik,jerôme.celik10@example.com,Responsable des ventes
Hélène,d'Artagnan,helene.dartagnan11@demo.org,Ingénieur systèmes
Céline,Dupont,celine.dupont12@test.local,Analyste sécurité
Benoît,García,benoît.garcia13@échantillon.fr,Chef de projet
Anaïs,Çelik,anaïs.çelik14@prueba.es,Technicien support
Océane,d'Artagnan,oceane.dartagnan15@example.com,Responsable des ventes
François,Dupont,francois.dupont16@demo.org,Ingénieur systèmes
Élise,García,elise.garcia17@test.local,Analyste sécurité
André,Çelik,andre.celik18@échantillon.fr,Chef de projet
Renée,d'Artagnan,renee.dartagnan19@prueba.es,Technicien support
Zoé,Dupont,zoe.dupont20@example.com,Responsable des ventes
Chloé,García,chloé.garcía21@demo.org,Ingénieur systèmes
Léa,Çelik,lea.celik22@test.local,Analyste sécurité
Noémie,d'Artagnan,noemie.dartagnan23@échantillon.fr,Chef de projet
Gaël,Dupont,gael.dupont24@prueba.es,Technicien support
Maël,García,mael.garcia25@example.com,Responsable des ventes
Jérôme,Çelik,jerôme.celik26@demo.org,Ingénieur systèmes
Hélène,d'Artagnan,helene.dartagnan27@test.local,Analyste sécurité
Céline,Dupont,céline.dupont28@échantillon.fr,Chef de projet
Benoît,García,benoît.garcia29@prueba.es,Technicien support
Anaïs,Çelik,anais.celik30@example.com,Responsable des ventes
Océane,d'Artagnan,oceane.dartagnan31@demo.org,Ingénieur systèmes
François,Dupont,francois.dupont32@test.local,Analyste sécurité
Élise,García,elise.garcia33@échantillon.fr,Chef de projet
